{
  "version": 1,
  "circuits": {
    "circuit_1983889733": {"best_lap_seconds": 93.02002},
    "circuit_1408150734": {"best_lap_seconds": 97.06006},
    "circuit_1983889721": {"best_lap_seconds": 67.78003},
    "circuit_498743332": {"best_lap_seconds": 98.11987},
    "circuit_2063058104": {"best_lap_seconds": 111.92},
    "circuit_2063058038": {"best_lap_seconds": 66.17993},
    "circuit_1408150771": {"best_lap_seconds": 78.41992},
    "circuit_498743321": {"best_lap_seconds": 105.8801},
    "circuit_498743337": {"best_lap_seconds": 86.66016},
    "circuit_853348044": {"best_lap_seconds": 86.17993},
    "circuit_2063058054": {"best_lap_seconds": 61.3999},
    "circuit_1983889720": {"best_lap_seconds": 39.30005},
    "circuit_2063058044": {"best_lap_seconds": 74.80005},
    "circuit_2063058084": {"best_lap_seconds": 66.69995},
    "circuit_0007": {"best_lap_seconds": 42.97999, "run_id": "trainer", "timestamp_utc": "2026-05-23T15:47:27.0431240Z", "writer": "csharp"},
    "circuit_992198553": {"best_lap_seconds": 73.16016},
    "circuit_2063058046": {"best_lap_seconds": 83.93994},
    "circuit_853348049": {"best_lap_seconds": 42.19995},
    "circuit_992198551": {"best_lap_seconds": 80.7998},
    "circuit_1983889732": {"best_lap_seconds": 69.71997},
    "circuit_992198585": {"best_lap_seconds": 81.21973},
    "circuit_1408150808": {"best_lap_seconds": 71.56006},
    "circuit_1408150733": {"best_lap_seconds": 85.06006},
    "circuit_498743331": {"best_lap_seconds": 87.46021},
    "circuit_2063058069": {"best_lap_seconds": 65.09985},
    "circuit_498743335": {"best_lap_seconds": 62.5},
    "circuit_2063058094": {"best_lap_seconds": 71.6001},
    "circuit_853348064": {"best_lap_seconds": 62.45996}
  }
}
